-- MySQL dump 10.13  Distrib 8.0.11, for Win64 (x86_64)
--
-- Host: localhost    Database: support
-- ------------------------------------------------------
-- Server version	8.0.11

/*!40101 SET @OLD_CHARACTER_SET_CLIENT=@@CHARACTER_SET_CLIENT */;
/*!40101 SET @OLD_CHARACTER_SET_RESULTS=@@CHARACTER_SET_RESULTS */;
/*!40101 SET @OLD_COLLATION_CONNECTION=@@COLLATION_CONNECTION */;
 SET NAMES utf8mb4 ;
/*!40103 SET @OLD_TIME_ZONE=@@TIME_ZONE */;
/*!40103 SET TIME_ZONE='+00:00' */;
/*!40014 SET @OLD_UNIQUE_CHECKS=@@UNIQUE_CHECKS, UNIQUE_CHECKS=0 */;
/*!40014 SET @OLD_FOREIGN_KEY_CHECKS=@@FOREIGN_KEY_CHECKS, FOREIGN_KEY_CHECKS=0 */;
/*!40101 SET @OLD_SQL_MODE=@@SQL_MODE, SQL_MODE='NO_AUTO_VALUE_ON_ZERO' */;
/*!40111 SET @OLD_SQL_NOTES=@@SQL_NOTES, SQL_NOTES=0 */;

--
-- Table structure for table `child`
--

/*!40101 SET @saved_cs_client     = @@character_set_client */;
 SET character_set_client = utf8mb4 ;
CREATE TABLE `child` (
  `id` int(11) DEFAULT NULL,
  `parent_id` int(11) DEFAULT NULL,
  `name` varchar(100) DEFAULT NULL,
  KEY `par_ind` (`parent_id`),
  CONSTRAINT `child_ibfk_1` FOREIGN KEY (`parent_id`) REFERENCES `parent` (`id`) ON DELETE CASCADE
) ENGINE=InnoDB DEFAULT CHARSET=utf8mb4 COLLATE=utf8mb4_0900_ai_ci;
/*!40101 SET character_set_client = @saved_cs_client */;

--
-- Dumping data for table `child`
--

LOCK TABLES `child` WRITE;
/*!40000 ALTER TABLE `child` DISABLE KEYS */;
INSERT INTO `child` VALUES (1,234,'aaa'),(2,234,'bbb'),(3,238,'ccc');
/*!40000 ALTER TABLE `child` ENABLE KEYS */;
UNLOCK TABLES;

--
-- Table structure for table `parent`
--

/*!40101 SET @saved_cs_client     = @@character_set_client */;
 SET character_set_client = utf8mb4 ;
CREATE TABLE `parent` (
  `id` int(11) NOT NULL,
  `col1` varchar(100) DEFAULT NULL,
  PRIMARY KEY (`id`)
) ENGINE=InnoDB DEFAULT CHARSET=utf8mb4 COLLATE=utf8mb4_0900_ai_ci;
/*!40101 SET character_set_client = @saved_cs_client */;

--
-- Dumping data for table `parent`
--

LOCK TABLES `parent` WRITE;
/*!40000 ALTER TABLE `parent` DISABLE KEYS */;
INSERT INTO `parent` VALUES (234,'111'),(238,'222');
/*!40000 ALTER TABLE `parent` ENABLE KEYS */;
UNLOCK TABLES;

--
-- Table structure for table `talk`
--

/*!40101 SET @saved_cs_client     = @@character_set_client */;
 SET character_set_client = utf8mb4 ;
CREATE TABLE `talk` (
  `id` int(11) NOT NULL AUTO_INCREMENT,
  `topic_id` int(11) DEFAULT NULL,
  `chat_id` int(11) DEFAULT NULL,
  `author` varchar(255) DEFAULT NULL,
  `date_time` datetime DEFAULT NULL,
  `answer` varchar(1000) DEFAULT NULL,
  `file_name` varchar(300) CHARACTER SET utf8mb4 COLLATE utf8mb4_0900_ai_ci DEFAULT NULL,
  PRIMARY KEY (`id`),
  KEY `top_ind` (`topic_id`),
  CONSTRAINT `talk_ibfk_1` FOREIGN KEY (`topic_id`) REFERENCES `topic` (`id`) ON DELETE CASCADE ON UPDATE CASCADE
) ENGINE=InnoDB AUTO_INCREMENT=411 DEFAULT CHARSET=utf8mb4 COLLATE=utf8mb4_0900_ai_ci;
/*!40101 SET character_set_client = @saved_cs_client */;

--
-- Dumping data for table `talk`
--

LOCK TABLES `talk` WRITE;
/*!40000 ALTER TABLE `talk` DISABLE KEYS */;
INSERT INTO `talk` VALUES (1,1,NULL,'admin','2021-08-29 23:59:00','Что именно?',NULL),(2,1,NULL,'marat','2021-08-30 00:02:00','Клавиатура',NULL),(3,2,NULL,'admin','2021-08-30 12:19:00','Что опять?',NULL),(4,2,NULL,'marat','2021-08-30 12:20:00','Я нажал не на ту кнопку',NULL),(5,2,NULL,'marat','2021-08-30 14:26:00','Вопрос из sql',NULL),(6,2,NULL,'marat','2021-08-30 14:28:00','Вопрос из sql2',NULL),(7,2,NULL,'marat','2021-08-30 14:26:00','Вопрос из sql',NULL),(8,2,NULL,'marat','2021-08-30 14:26:00','Вопрос из sql',NULL),(9,2,NULL,'marat','2021-08-30 14:26:00','Вопрос из sql',NULL),(10,2,NULL,'marat','2021-08-30 14:28:00','Вопрос из sql2',NULL),(11,2,NULL,'marat','2021-08-30 14:26:00','fdfdfdf',NULL),(12,2,NULL,'marat','2021-08-30 14:26:00','fdfdfdf',NULL),(13,2,NULL,'marat','2021-08-30 14:26:00','fdfdfdf',NULL),(14,2,NULL,'marat','2021-08-30 14:26:00','mnnmj',NULL),(15,1,NULL,'marat','2021-08-30 14:26:00','Pjdsdasdeeded',NULL),(16,1,NULL,'marat','2021-08-30 14:26:00','kmmjnjhb',NULL),(17,1,NULL,'marat','2021-08-30 14:26:00','kmkmmk',NULL),(18,1,NULL,'marat','2021-08-30 14:26:00','jkjkj',NULL),(19,1,NULL,'marat','2021-08-30 14:26:00',',lk',NULL),(20,1,NULL,'marat','2021-08-30 14:26:00',',lk',NULL),(21,1,NULL,'marat','2021-08-30 14:26:00','iji',NULL),(22,1,NULL,'marat','2021-08-30 14:26:00','iji',NULL),(23,1,NULL,'marat','2021-08-30 14:26:00','нет файла',NULL),(24,1,NULL,'marat','2021-08-30 14:26:00','gfgfg',NULL),(25,1,NULL,'marat','2021-08-30 14:26:00','dsdsd',NULL),(26,1,NULL,'admin','2021-08-30 14:26:00','6666666666666666666666666667',NULL),(27,1,NULL,'admin','2021-08-30 14:26:00','aaaaaaaaaaaaaa',NULL),(28,1,NULL,'admin','2021-08-30 14:26:00','',NULL),(29,1,NULL,'admin','2021-08-31 00:03:50','',NULL),(30,2,NULL,'admin','2021-08-31 00:22:59','',NULL),(31,2,NULL,'admin','2021-08-31 00:23:23','',NULL),(32,2,NULL,'admin','2021-08-31 12:38:46','',NULL),(33,2,NULL,'admin','2021-08-31 12:42:09','',NULL),(34,2,NULL,'admin','2021-08-31 12:42:35','',NULL),(35,2,NULL,'admin','2021-08-31 12:42:37','',NULL),(36,2,NULL,'admin','2021-08-31 12:46:20','',NULL),(37,2,NULL,'admin','2021-08-31 12:46:54','',NULL),(38,2,NULL,'admin','2021-08-31 12:48:04','',NULL),(39,2,NULL,'admin','2021-08-31 12:52:52','',NULL),(40,2,NULL,'admin','2021-08-31 12:55:58','',NULL),(41,2,NULL,'admin','2021-08-31 13:00:39','',NULL),(42,2,NULL,'admin','2021-08-31 13:00:53','1111111111111111111111111111111111111111111',NULL),(43,2,NULL,'admin','2021-08-31 15:00:02','2222222222222',NULL),(44,2,NULL,'admin','2021-08-31 15:01:40','333333333333333',NULL),(45,2,NULL,'admin','2021-08-31 15:02:25','ммммммммммммммм',NULL),(46,2,NULL,'admin','2021-08-31 15:02:47','',NULL),(47,1,NULL,'admin','2021-08-31 16:07:33','111111111111111','vzqwxxmaduomsibi.xls'),(48,1,NULL,'admin','2021-08-31 16:08:16','222222','dddnixrkfuckclpw.xlsx'),(49,1,NULL,'admin','2021-08-31 16:11:46','wwwwwwwwwwwwwww','zuiunmmvcqigmojd.pdf'),(50,1,NULL,'admin','2021-08-31 16:12:04','eeeeeeee','hziefipwsgoemgrl.xlsx'),(51,1,NULL,'admin','2021-08-31 16:12:38','dddd','nditcpqdqospsqvr.06'),(52,1,NULL,'admin','2021-09-02 13:03:43','7777777777','xjqkuappqivevtsk.3_64_Portable'),(53,1,NULL,'admin','2021-09-02 13:03:44','7777777777','efhmfmhvrdjlwqyk.3_64_Portable'),(54,1,NULL,'admin','2021-09-02 17:47:54','mmm','ocwbjywyoygfqrik.zip'),(55,1,NULL,'admin','2021-09-02 23:26:11','ddddddd','ujzlqqfaufczndwp.jpg'),(56,1,NULL,'admin','2021-09-02 23:36:55','','dwieityrjjcdxxms.zip'),(57,1,NULL,'admin','2021-09-04 17:44:05','mnmmn','tlqaptiswqjohvuw.zip'),(58,1,NULL,'admin','2021-09-04 17:45:01','jjjjj','pctcwommrexceojz.xlsx'),(59,1,NULL,'admin','2021-09-04 17:45:43','1111111111111','wkmdmheaabiagjtk.pdf'),(60,2,NULL,'admin','2021-09-04 17:46:30',',,,,,,,,','smbuevohlanjapjn.pdf'),(61,2,NULL,'admin','2021-09-04 17:47:15','8888','guwabyconuvobymt.xlsx'),(62,2,NULL,'admin','2021-09-04 17:48:09','cccc','oyevdskptzadujed.jpg'),(63,2,NULL,'admin','2021-09-05 01:24:24','xxxxxxxxxxxxxxxxxxxxxxxxx','eshgfjecioisejvi.docx'),(64,1,NULL,'admin','2021-09-08 15:21:08','dasdasdasdasdad','bqbhsuvatnbkspcy.png'),(65,1,NULL,'admin','2021-09-20 21:48:32','mnm,m','fdvjpyezcksbwolf.xls'),(66,1,NULL,'admin','2021-09-20 21:48:52','88888888888888888888888888888888888888888888888888888','rbatleseqqjyinwo.xls'),(67,1,NULL,'admin','2021-09-20 21:52:37','222222222222','emkgeozsdxsackpt.xlsx'),(68,1,NULL,'admin','2021-09-20 21:53:42','3333','cbitsoozzsmdhpoj.xlsx'),(69,1,NULL,'admin','2021-09-20 21:55:20','bbbbbb','litcjyghjghclrcy.xlsx'),(70,1,NULL,'admin','2021-09-20 21:57:50','iiiiiii','fsqnlpirrxzdkpsq.xlsx'),(71,1,NULL,'admin','2021-09-20 21:58:07','8989898989898','fsqnlpirrxzdkpsq.xlsx'),(72,1,NULL,'admin','2021-09-20 21:59:11','llllll','fsqnlpirrxzdkpsq.xlsx'),(73,1,NULL,'admin','2021-09-20 22:03:32','43434343',''),(74,1,NULL,'admin','2021-09-20 22:03:50','2323232323','nmqwlvqhhhfvgiem.xlsx'),(75,1,NULL,'admin','2021-09-20 22:04:22','vvvvvvvvvvvvvvvvvvv',''),(76,2,NULL,'admin','2021-09-20 22:05:57','nnnnnnn',''),(77,2,NULL,'admin','2021-09-20 22:06:07','mmmmm','vyjtwxtdijeiqkjl.xlsx'),(78,76,NULL,'admin','2021-09-23 22:45:23','ddsdsd',''),(79,76,NULL,'admin','2021-09-23 22:45:42','cccc','ihurykuxyczvhyvp.html'),(80,81,NULL,'Marat Gareev','2021-09-28 22:39:31','11111111111111111111111111111111111111111111111',''),(81,81,NULL,'Marat Gareev','2021-09-28 22:40:37','222222222222222222222222222222',''),(82,81,NULL,'admin','2021-09-28 22:41:32','333333333',''),(83,81,NULL,'Marat Gareev','2021-09-28 22:52:18','','https://api.telegram.org/file/bot1672815585:AAHEJXSAMuLcbLcVYdUjPaovSraZvZx5uNc/photos/file_13.jpg'),(84,81,NULL,'admin','2021-09-28 22:52:57','','tpjjlxjrojmrkoao.jpg'),(85,81,NULL,'admin','2021-09-28 22:53:02','лоло',''),(86,83,NULL,'Marat Gareev','2021-09-30 18:12:19','','https://api.telegram.org/file/bot1672815585:AAHEJXSAMuLcbLcVYdUjPaovSraZvZx5uNc/photos/file_14.jpg'),(87,84,NULL,'Marat Gareev','2021-09-30 18:23:20','Черт знает что. Почему так долго',''),(88,84,NULL,'Marat Gareev','2021-09-30 18:24:05','Я буду жаловаться!',''),(89,84,NULL,'Marat Gareev','2021-09-30 18:24:19','Вообще офигели!',''),(90,84,NULL,'Marat Gareev','2021-09-30 18:24:42','','https://api.telegram.org/file/bot1672815585:AAHEJXSAMuLcbLcVYdUjPaovSraZvZx5uNc/photos/file_14.jpg'),(91,84,NULL,'admin','2021-09-30 18:25:16','Скоро все будет!',''),(92,84,NULL,'admin','2021-09-30 18:25:34','Будет будет','zrpszrpdyqivpujr.jpg'),(93,84,NULL,'Marat Gareev','2021-09-30 18:26:33','','https://api.telegram.org/file/bot1672815585:AAHEJXSAMuLcbLcVYdUjPaovSraZvZx5uNc/photos/file_17.jpg'),(94,84,NULL,'Marat Gareev','2021-09-30 18:27:31','','https://api.telegram.org/file/bot1672815585:AAHEJXSAMuLcbLcVYdUjPaovSraZvZx5uNc/photos/file_14.jpg'),(95,84,NULL,'Marat Gareev','2021-09-30 18:28:00','','https://api.telegram.org/file/bot1672815585:AAHEJXSAMuLcbLcVYdUjPaovSraZvZx5uNc/photos/file_15.jpg'),(96,84,NULL,'Marat Gareev','2021-09-30 18:28:29','','https://api.telegram.org/file/bot1672815585:AAHEJXSAMuLcbLcVYdUjPaovSraZvZx5uNc/photos/file_15.jpg'),(97,84,NULL,'admin','2021-09-30 18:29:29','','eiuqbensicayvqpr.png'),(98,84,NULL,'admin','2021-09-30 18:29:43','','miejezoxspaiwiaz.jpg'),(99,84,NULL,'admin','2021-09-30 18:31:02','','pismggattexmpijf.jpg'),(100,84,NULL,'admin','2021-09-30 21:55:12','','xmntbgcrtrnrehty.jpg'),(101,84,NULL,'admin','2021-09-30 21:57:48','','wohxlxhrmwxzlqgy.png'),(102,84,NULL,'admin','2021-09-30 22:02:05','','qdxgcbswcvrvzgcp.jpg'),(103,84,NULL,'admin','2021-09-30 22:25:13','','uuevzzvxshntxtws.jpg'),(104,84,NULL,'admin','2021-09-30 22:25:31','','pbohwzlhjclgqxdq.png'),(105,84,NULL,'admin','2021-09-30 22:29:30','','atjfyemkhkbivrhl.png'),(106,84,NULL,'admin','2021-09-30 22:31:18','','jfif'),(107,84,NULL,'admin','2021-09-30 22:32:20','','cgcokmdvfhjtzdpi.jpg'),(108,84,NULL,'Marat Gareev','2021-09-30 22:39:07','','https://api.telegram.org/file/bot1672815585:AAHEJXSAMuLcbLcVYdUjPaovSraZvZx5uNc/photos/file_15.jpg'),(109,84,NULL,'Marat Gareev','2021-09-30 22:39:44','','https://api.telegram.org/file/bot1672815585:AAHEJXSAMuLcbLcVYdUjPaovSraZvZx5uNc/photos/file_14.jpg'),(110,84,NULL,'admin','2021-09-30 22:40:44','','bujayhnxgzatbjbd.png'),(111,84,NULL,'admin','2021-09-30 22:41:06','','utcdlgpxgizcwwcw.png'),(112,84,NULL,'admin','2021-09-30 22:41:52','','dfgaohgnrgsidczb.jpg'),(113,84,NULL,'Marat Gareev','2021-09-30 22:43:20','','https://api.telegram.org/file/bot1672815585:AAHEJXSAMuLcbLcVYdUjPaovSraZvZx5uNc/photos/file_14.jpg'),(114,84,NULL,'admin','2021-09-30 22:44:32','','rolvrxbzgltfzkpr.jpg'),(115,84,NULL,'admin','2021-09-30 22:44:44','','xzuvcsfgpardwgot.png'),(116,84,NULL,'Marat Gareev','2021-09-30 22:49:49','','https://api.telegram.org/file/bot1672815585:AAHEJXSAMuLcbLcVYdUjPaovSraZvZx5uNc/photos/file_16.jpg'),(117,84,NULL,'admin','2021-09-30 23:14:10','','sxyzvnpocwktqwxn.jpg'),(118,84,NULL,'Marat Gareev','2021-09-30 23:14:30','','https://api.telegram.org/file/bot1672815585:AAHEJXSAMuLcbLcVYdUjPaovSraZvZx5uNc/photos/file_18.jpg'),(119,84,NULL,'Marat Gareev','2021-09-30 23:18:35','','https://api.telegram.org/file/bot1672815585:AAHEJXSAMuLcbLcVYdUjPaovSraZvZx5uNc/photos/file_14.jpg'),(120,84,NULL,'Marat Gareev','2021-09-30 23:18:48','','https://api.telegram.org/file/bot1672815585:AAHEJXSAMuLcbLcVYdUjPaovSraZvZx5uNc/photos/file_14.jpg'),(121,84,NULL,'admin','2021-09-30 23:26:01','','pdsymetyqwwjltsh.jpg'),(122,84,NULL,'Marat Gareev','2021-09-30 23:27:31','','https://api.telegram.org/file/bot1672815585:AAHEJXSAMuLcbLcVYdUjPaovSraZvZx5uNc/photos/file_14.jpg'),(123,84,NULL,'admin','2021-09-30 23:27:58','','http://127.0.0.1:5000/static/mbicsiihdxdclpri.jpg'),(124,84,NULL,'Marat Gareev','2021-09-30 23:28:54','','https://api.telegram.org/file/bot1672815585:AAHEJXSAMuLcbLcVYdUjPaovSraZvZx5uNc/photos/file_16.jpg'),(125,84,NULL,'admin','2021-09-30 23:45:20','','http://127.0.0.1:5000/static/uplsitlgpfaeflpv.jpg'),(126,84,NULL,'Marat Gareev','2021-09-30 23:46:49','','https://api.telegram.org/file/bot1672815585:AAHEJXSAMuLcbLcVYdUjPaovSraZvZx5uNc/photos/file_19.jpg'),(127,84,NULL,'Marat Gareev','2021-09-30 23:49:37','','https://api.telegram.org/file/bot1672815585:AAHEJXSAMuLcbLcVYdUjPaovSraZvZx5uNc/photos/file_20.jpg'),(128,85,NULL,'Marat Gareev','2021-10-02 14:47:04','Еще там что-то',''),(129,85,NULL,'Marat Gareev','2021-10-02 14:47:36','оолол',''),(130,85,NULL,'Marat Gareev','2021-10-02 14:50:32','9999',''),(131,85,NULL,'Marat Gareev','2021-10-02 14:52:04','kkk',''),(132,85,NULL,'Marat Gareev','2021-10-02 14:55:55','kkk',''),(133,85,NULL,'Marat Gareev','2021-10-02 15:04:40','kkk',''),(134,85,NULL,'Marat Gareev','2021-10-02 15:04:41','kkk;',''),(135,85,NULL,'Marat Gareev','2021-10-02 15:04:42','jjjj',''),(136,85,NULL,'Marat Gareev','2021-10-02 15:04:43','99',''),(137,85,NULL,'Marat Gareev','2021-10-02 15:07:24','uuuuuuu',''),(138,85,NULL,'Marat Gareev','2021-10-02 15:07:31','888',''),(139,85,NULL,'Marat Gareev','2021-10-02 15:11:36','jjj',''),(140,85,NULL,'Marat Gareev','2021-10-02 15:13:17','uuu',''),(141,85,NULL,'Marat Gareev','2021-10-02 15:19:05','m',''),(142,85,NULL,'Marat Gareev','2021-10-02 15:19:07','j',''),(143,85,NULL,'Marat Gareev','2021-10-02 15:20:54','k',''),(144,85,NULL,'Marat Gareev','2021-10-02 15:21:20','j',''),(145,84,NULL,'Marat Gareev','2021-10-02 15:22:59','лл',''),(146,84,NULL,'Marat Gareev','2021-10-02 15:24:45','олололололо',''),(147,84,NULL,'admin','2021-10-02 15:25:45','','http://127.0.0.1:5000/static/frggymzymuwhrauu.png'),(148,84,NULL,'admin','2021-10-02 15:26:13','','http://127.0.0.1:5000/static/xkqzkmemblvoibie.jpg'),(150,84,NULL,'admin','2021-10-02 15:40:26','kkkk',''),(151,84,NULL,'admin','2021-10-02 15:42:42','11111111',''),(152,84,NULL,'admin','2021-10-02 15:42:58','ffdfdf',''),(153,84,NULL,'admin','2021-10-02 15:42:58','ffdfdf','http://127.0.0.1:5000/static/gynbwmsgcsxlsbik.jpg'),(154,84,NULL,'admin','2021-10-02 15:42:58','ffdfdf','http://127.0.0.1:5000/static/gynbwmsgcsxlsbik.jpg'),(155,84,NULL,'admin','2021-10-02 15:42:58','ffdfdf','http://127.0.0.1:5000/static/vdphfngraaotckpl.jpg'),(156,84,NULL,'admin','2021-10-02 15:43:26','111111',''),(157,84,NULL,'admin','2021-10-02 15:43:26','111111','http://127.0.0.1:5000/static/wfuuotetqeeesjto.jpg'),(158,84,NULL,'admin','2021-10-02 15:43:43','vvvvvvvvv',''),(159,84,NULL,'admin','2021-10-02 15:43:43','vvvvvvvvv','http://127.0.0.1:5000/static/hdyjhonmxuotagjf.jpg'),(160,84,NULL,'admin','2021-10-02 15:44:32','yyyyyyyyyyyyyyyyyyyyyyyyy',''),(161,84,NULL,'admin','2021-10-02 15:44:32','yyyyyyyyyyyyyyyyyyyyyyyyy','http://127.0.0.1:5000/static/gmyyuuqtfccrstlm.jpg'),(162,84,NULL,'admin','2021-10-02 15:44:47','!!!!!!',''),(163,84,NULL,'admin','2021-10-02 15:44:47','!!!!!!','http://127.0.0.1:5000/static/ewaqhklpqunnhvlw.jpg'),(164,84,NULL,'admin','2021-10-02 15:47:38','uuuu',''),(165,84,NULL,'admin','2021-10-02 15:47:38','uuuu',''),(166,84,NULL,'admin','2021-10-02 15:47:54','666666',''),(167,84,NULL,'admin','2021-10-02 15:48:11','7777777','http://127.0.0.1:5000/static/iqayiktrhqkdxshz.jpg'),(168,84,NULL,'Marat Gareev','2021-10-02 15:53:14','?????',''),(169,84,NULL,'admin','2021-10-02 15:56:01','uuu',''),(170,84,NULL,'admin','2021-10-02 15:56:44','nnn',''),(171,85,NULL,'Marat Gareev','2021-10-02 16:06:01','','https://api.telegram.org/file/bot1672815585:AAHEJXSAMuLcbLcVYdUjPaovSraZvZx5uNc/photos/file_21.jpg'),(172,84,1292677678,'Marat Gareev','2021-10-02 16:13:38','kkkkk',''),(173,84,1111,'admin','2021-10-02 16:18:41','nnnnmmmm',''),(174,84,1292677678,'Marat Gareev','2021-10-02 16:38:52','vvvv',''),(175,84,1292677678,'Marat Gareev','2021-10-02 16:38:54','dddd',''),(176,84,1292677678,'Marat Gareev','2021-10-02 16:38:57','vvvvv',''),(177,84,1111,'admin','2021-10-02 16:44:25','mmmmm',''),(178,84,1111,'admin','2021-10-02 16:45:30','nmn',''),(179,84,1111,'admin','2021-10-02 16:46:51','mm',''),(180,84,1111,'admin','2021-10-02 16:46:52','mm',''),(181,84,1111,'admin','2021-10-02 16:47:45','b',''),(182,84,1111,'admin','2021-10-02 16:48:20','c',''),(183,84,1111,'admin','2021-10-02 16:48:47','m',''),(184,84,1111,'admin','2021-10-02 16:49:44','n',''),(185,84,1292677678,'Marat Gareev','2021-10-02 17:40:01','d',''),(186,84,1111,'admin','2021-10-02 17:40:39','vc',''),(187,84,1111,'admin','2021-10-02 18:19:44','','http://127.0.0.1:5000/static/jujqancelrulxdbc.jpg'),(188,84,1111,'admin','2021-10-02 18:20:46','','http://127.0.0.1:5000/static/npnlufzzbtqeaznl.jpg'),(189,84,1111,'admin','2021-10-02 18:29:28','','http://127.0.0.1:5000/static/yoflnbdmjalbgfac.jpg'),(190,84,1111,'admin','2021-10-02 18:30:22','','http://127.0.0.1:5000/static/wbovvgvjhsmwxiim.jpg'),(191,84,1111,'admin','2021-10-02 18:31:41','','http://127.0.0.1:5000/static/qlqrwnxvemxjtdww.jpg'),(192,84,1111,'admin','2021-10-02 18:32:38','','http://127.0.0.1:5000/static/boseoofcrwjjirnp.jpg'),(193,84,1111,'admin','2021-10-02 18:33:20','','http://127.0.0.1:5000/static/jdyqwlaioyrlszvh.jpg'),(194,84,1111,'admin','2021-10-02 18:33:56','','http://127.0.0.1:5000/static/fhpopmjzzdeyxddl.jpg'),(195,84,1111,'admin','2021-10-02 18:36:31','','http://127.0.0.1:5000/static/mngdggdoxtsmznmj.jpg'),(196,84,1111,'admin','2021-10-02 18:37:15','','http://127.0.0.1:5000/static/bvhwfbwzquxldmqr.jpg'),(197,84,1111,'admin','2021-10-02 18:37:28','','http://127.0.0.1:5000/static/nbhpqxxueblrsffb.jpg'),(198,84,1111,'admin','2021-10-02 18:38:12','','http://127.0.0.1:5000/static/gmjelbzvsuynkjfv.jpg'),(199,84,1111,'admin','2021-10-02 18:39:15','','http://127.0.0.1:5000/static/bqzdbnnimkvdgswr.jpg'),(200,84,1111,'admin','2021-10-02 18:39:49','','http://127.0.0.1:5000/static/xqcdiyupsvtdqeqg.jpg'),(201,84,1111,'admin','2021-10-02 18:41:05','','http://127.0.0.1:5000/static/wkylbacexaprjlaq.jpg'),(202,84,1111,'admin','2021-10-02 18:42:09','ыыыыыы','http://127.0.0.1:5000/static/vktbaollrygjiiov.jpg'),(203,84,1111,'admin','2021-10-02 18:44:46','','http://127.0.0.1:5000/static/jbpgqbjpxaedqoma.jpg'),(204,84,1111,'admin','2021-10-02 18:45:21','','http://127.0.0.1:5000/static/huikabqdudapwomc.jpg'),(205,84,1111,'admin','2021-10-02 18:46:07','','http://127.0.0.1:5000/static/smgafxyngfpepqxj.jpg'),(206,84,1111,'admin','2021-10-02 19:11:57','kjk\r\n',''),(207,84,1111,'admin','2021-10-02 19:15:07',',',''),(208,84,1111,'admin','2021-10-02 19:16:15','nnnnnn',''),(209,84,1111,'admin','2021-10-02 19:35:50','vvvv',''),(210,84,1111,'admin','2021-10-02 19:37:48','','http://127.0.0.1:5000/static/vdgrefylewycsptt.jpg'),(211,84,1111,'admin','2021-10-02 19:38:21','','http://127.0.0.1:5000/static/nqfzuxdnzdvwkjlm.jpg'),(212,84,1292677678,'Marat Gareev','2021-10-02 19:43:06','jkj',''),(213,87,1111,'admin','2021-10-02 20:04:03','Здравствуйте. Включи',''),(214,87,1877903985,'Динара Гареева','2021-10-02 20:04:32','Что включить?',''),(215,87,1111,'admin','2021-10-02 20:04:54','Вот это','http://127.0.0.1:5000/static/outihntqasksafmo.jpg'),(216,87,1111,'admin','2021-10-02 20:07:00','Вот это','http://127.0.0.1:5000/static/jgaqugkexdiacotq.jpg'),(217,87,1111,'admin','2021-10-02 20:08:23','Да да','http://127.0.0.1:5000/static/vwrxorokvcafjtaj.jpg'),(218,87,1877903985,'Динара Гареева','2021-10-02 20:09:13','А может это?',''),(219,87,1877903985,'Динара Гареева','2021-10-02 20:09:36','','https://api.telegram.org/file/bot1672815585:AAHEJXSAMuLcbLcVYdUjPaovSraZvZx5uNc/photos/file_23.jpg'),(220,87,1111,'admin','2021-10-02 20:11:42','','http://127.0.0.1:5000/static/wgalqkykcdfktmev.jpg'),(221,87,1877903985,'Динара Гареева','2021-10-02 20:15:30','','https://api.telegram.org/file/bot1672815585:AAHEJXSAMuLcbLcVYdUjPaovSraZvZx5uNc/photos/file_24.jpg'),(222,84,1292677678,'Marat Gareev','2021-10-02 20:18:04','Марат',''),(223,87,1292677678,'Marat Gareev','2021-10-02 20:22:13','','https://api.telegram.org/file/bot1672815585:AAHEJXSAMuLcbLcVYdUjPaovSraZvZx5uNc/photos/file_25.jpg'),(224,84,1111,'admin','2021-10-02 20:23:06','lll',''),(225,84,1292677678,'Marat Gareev','2021-10-02 20:24:04','hhhhhh',''),(226,87,1292677678,'Marat Gareev','2021-10-02 20:25:02','','https://api.telegram.org/file/bot1672815585:AAHEJXSAMuLcbLcVYdUjPaovSraZvZx5uNc/photos/file_26.jpg'),(227,84,1292677678,'Marat Gareev','2021-10-02 20:26:30','000000',''),(228,87,1292677678,'Marat Gareev','2021-10-02 20:28:41','','https://api.telegram.org/file/bot1672815585:AAHEJXSAMuLcbLcVYdUjPaovSraZvZx5uNc/photos/file_26.jpg'),(229,84,1292677678,'Marat Gareev','2021-10-02 20:34:34','','https://api.telegram.org/file/bot1672815585:AAHEJXSAMuLcbLcVYdUjPaovSraZvZx5uNc/photos/file_26.jpg'),(230,84,1292677678,'Marat Gareev','2021-10-02 20:35:36','','https://api.telegram.org/file/bot1672815585:AAHEJXSAMuLcbLcVYdUjPaovSraZvZx5uNc/photos/file_25.jpg'),(231,87,1877903985,'Динара Гареева','2021-10-02 20:36:26','','https://api.telegram.org/file/bot1672815585:AAHEJXSAMuLcbLcVYdUjPaovSraZvZx5uNc/photos/file_27.jpg'),(232,87,1877903985,'Динара Гареева','2021-10-02 20:37:02','','https://api.telegram.org/file/bot1672815585:AAHEJXSAMuLcbLcVYdUjPaovSraZvZx5uNc/photos/file_28.jpg'),(233,84,1292677678,'Marat Gareev','2021-10-02 20:40:16','','https://api.telegram.org/file/bot1672815585:AAHEJXSAMuLcbLcVYdUjPaovSraZvZx5uNc/photos/file_25.jpg'),(234,84,1292677678,'Marat Gareev','2021-10-02 20:41:39','','https://api.telegram.org/file/bot1672815585:AAHEJXSAMuLcbLcVYdUjPaovSraZvZx5uNc/photos/file_25.jpg'),(235,84,1292677678,'Marat Gareev','2021-10-02 20:43:49','','https://api.telegram.org/file/bot1672815585:AAHEJXSAMuLcbLcVYdUjPaovSraZvZx5uNc/photos/file_25.jpg'),(236,84,1292677678,'Marat Gareev','2021-10-02 20:43:58','','https://api.telegram.org/file/bot1672815585:AAHEJXSAMuLcbLcVYdUjPaovSraZvZx5uNc/photos/file_26.jpg'),(237,84,1292677678,'Marat Gareev','2021-10-02 20:47:51','','https://api.telegram.org/file/bot1672815585:AAHEJXSAMuLcbLcVYdUjPaovSraZvZx5uNc/photos/file_29.jpg'),(238,87,1877903985,'Динара Гареева','2021-10-02 20:48:53','','https://api.telegram.org/file/bot1672815585:AAHEJXSAMuLcbLcVYdUjPaovSraZvZx5uNc/photos/file_30.jpg'),(239,88,1877903985,'Динара Гареева','2021-10-02 20:53:23','Что не пишите?',''),(240,88,1877903985,'Динара Гареева','2021-10-02 20:53:39','','https://api.telegram.org/file/bot1672815585:AAHEJXSAMuLcbLcVYdUjPaovSraZvZx5uNc/photos/file_32.jpg'),(241,88,1111,'admin','2021-10-02 20:54:14','Простите ',''),(242,88,1111,'admin','2021-10-02 20:54:29','Нормально','http://127.0.0.1:5000/static/mwbwldunwxcrhdsd.jpg'),(243,84,1292677678,'Marat Gareev','2021-10-02 20:54:54','Работает теперь',''),(244,84,1292677678,'Marat Gareev','2021-10-02 20:55:04','','https://api.telegram.org/file/bot1672815585:AAHEJXSAMuLcbLcVYdUjPaovSraZvZx5uNc/photos/file_33.jpg'),(245,84,1111,'admin','2021-10-02 21:00:07','','http://127.0.0.1:5000/static/iwvfpigdfvadncmi.xlsx'),(246,88,1111,'admin','2021-10-02 21:07:57','','http://127.0.0.1:5000/static/mfbcyjgwjnbbosti.jpg'),(247,88,1877903985,'Динара Гареева','2021-10-02 21:10:30','','https://api.telegram.org/file/bot1672815585:AAHEJXSAMuLcbLcVYdUjPaovSraZvZx5uNc/photos/file_30.jpg'),(248,88,1877903985,'Динара Гареева','2021-10-02 21:15:05','Оппо',''),(249,88,1877903985,'Динара Гареева','2021-10-02 21:53:06','Ггпп',''),(250,88,1877903985,'Динара Гареева','2021-10-02 23:10:30','Ааа',''),(251,88,1111,'admin','2021-10-02 23:11:11','kkk',''),(252,84,1292677678,'Marat Gareev','2021-10-02 23:13:27','','https://api.telegram.org/file/bot1672815585:AAHEJXSAMuLcbLcVYdUjPaovSraZvZx5uNc/photos/file_34.jpg'),(253,84,1292677678,'Marat Gareev','2021-10-02 23:13:29','','https://api.telegram.org/file/bot1672815585:AAHEJXSAMuLcbLcVYdUjPaovSraZvZx5uNc/photos/file_35.jpg'),(254,84,1292677678,'Marat Gareev','2021-10-02 23:15:18','443',''),(255,84,1292677678,'Marat Gareev','2021-10-02 23:16:23','','https://api.telegram.org/file/bot1672815585:AAHEJXSAMuLcbLcVYdUjPaovSraZvZx5uNc/photos/file_34.jpg'),(256,84,1292677678,'Marat Gareev','2021-10-03 00:07:07','в',''),(257,84,1292677678,'Marat Gareev','2021-10-03 00:16:51','k',''),(258,84,1292677678,'Marat Gareev','2021-10-03 00:43:15','kk',''),(259,84,1292677678,'Marat Gareev','2021-10-03 00:43:43','kk',''),(260,84,1292677678,'Marat Gareev','2021-10-03 00:45:59','kjl',''),(261,84,1292677678,'Marat Gareev','2021-10-03 00:46:51','','https://api.telegram.org/file/bot1672815585:AAHEJXSAMuLcbLcVYdUjPaovSraZvZx5uNc/photos/file_34.jpg'),(262,84,1292677678,'Marat Gareev','2021-10-03 00:55:36','kjk',''),(263,84,1292677678,'Marat Gareev','2021-10-03 00:56:25','i',''),(264,84,1292677678,'Marat Gareev','2021-10-03 00:57:29','kkkk',''),(265,84,1292677678,'Marat Gareev','2021-10-03 00:58:47','','https://api.telegram.org/file/bot1672815585:AAHEJXSAMuLcbLcVYdUjPaovSraZvZx5uNc/photos/file_34.jpg'),(266,84,1292677678,'Marat Gareev','2021-10-03 01:06:10','k',''),(267,84,1292677678,'Marat Gareev','2021-10-03 10:22:39','','https://api.telegram.org/file/bot1672815585:AAHEJXSAMuLcbLcVYdUjPaovSraZvZx5uNc/photos/file_34.jpg'),(268,84,1292677678,'Marat Gareev','2021-10-03 19:23:26','u',''),(269,84,1292677678,'Marat Gareev','2021-10-03 19:25:01','f',''),(270,84,1292677678,'Marat Gareev','2021-10-03 19:32:04','m',''),(271,84,1292677678,'Marat Gareev','2021-10-03 20:17:32','f',''),(272,84,1292677678,'Marat Gareev','2021-10-03 20:30:46','f',''),(273,84,1292677678,'Marat Gareev','2021-10-03 20:32:38','','https://api.telegram.org/file/bot1672815585:AAHEJXSAMuLcbLcVYdUjPaovSraZvZx5uNc/photos/file_34.jpg'),(274,84,1292677678,'Marat','2021-10-02 20:34:34','',''),(275,84,1292677678,'Marat Gareev','2021-10-03 20:48:52','jj',''),(276,84,1292677678,'Marat Gareev','2021-10-03 20:51:34','m',''),(277,84,1292677678,'Marat Gareev','2021-10-03 20:53:19','n',''),(278,84,1292677678,'Marat Gareev','2021-10-03 20:53:25','','https://api.telegram.org/file/bot1672815585:AAHEJXSAMuLcbLcVYdUjPaovSraZvZx5uNc/documents/file_49.py'),(279,84,1292677678,'Marat Gareev','2021-10-03 21:00:49','k',''),(280,84,1292677678,'Marat','2021-10-02 20:34:34','',''),(281,84,1292677678,'Marat','2021-10-02 20:34:34','',''),(282,84,1292677678,'Marat','2021-10-02 20:34:34','',''),(283,84,1292677678,'Marat','2021-10-02 20:34:34','',''),(284,84,1292677678,'Marat Gareev','2021-10-03 21:23:27','r',''),(285,84,1292677678,'Marat','2021-10-02 20:34:34','',''),(286,84,1292677678,'Marat Gareev','2021-10-03 21:23:59','f',''),(287,84,1292677678,'Marat Gareev','2021-10-03 21:24:17','','https://api.telegram.org/file/bot1672815585:AAHEJXSAMuLcbLcVYdUjPaovSraZvZx5uNc/documents/file_61.py'),(288,84,1292677678,'Marat','2021-10-02 20:34:34','',''),(289,84,1292677678,'Marat Gareev','2021-10-03 21:24:51','','https://api.telegram.org/file/bot1672815585:AAHEJXSAMuLcbLcVYdUjPaovSraZvZx5uNc/documents/file_62.py'),(290,84,1292677678,'Marat','2021-10-02 20:34:34','',''),(291,84,1292677678,'Marat Gareev','2021-10-03 21:32:41','','https://api.telegram.org/file/bot1672815585:AAHEJXSAMuLcbLcVYdUjPaovSraZvZx5uNc/documents/file_63.xlsx'),(292,84,1292677678,'Marat Gareev','2021-10-03 21:34:41','','https://api.telegram.org/file/bot1672815585:AAHEJXSAMuLcbLcVYdUjPaovSraZvZx5uNc/documents/file_63.xlsx'),(293,84,1292677678,'Marat Gareev','2021-10-03 21:36:40','','https://api.telegram.org/file/bot1672815585:AAHEJXSAMuLcbLcVYdUjPaovSraZvZx5uNc/documents/file_63.xlsx'),(294,84,1292677678,'Marat Gareev','2021-10-03 21:40:06','','https://api.telegram.org/file/bot1672815585:AAHEJXSAMuLcbLcVYdUjPaovSraZvZx5uNc/documents/file_64.xlsx'),(295,84,1292677678,'Marat Gareev','2021-10-03 21:40:28','','https://api.telegram.org/file/bot1672815585:AAHEJXSAMuLcbLcVYdUjPaovSraZvZx5uNc/documents/file_65.exe'),(296,84,1292677678,'Marat Gareev','2021-10-03 21:41:58','🤩',''),(297,84,1292677678,'Marat Gareev','2021-10-03 21:41:59','🤩',''),(298,84,1292677678,'Marat Gareev','2021-10-03 21:42:02','🤩',''),(299,84,1292677678,'Marat Gareev','2021-10-03 21:42:06','🤩',''),(300,84,1292677678,'Marat Gareev','2021-10-03 21:42:15','🤩',''),(301,84,1292677678,'Marat Gareev','2021-10-03 21:42:32','🤩',''),(302,84,1292677678,'Marat Gareev','2021-10-03 21:43:05','🤩',''),(303,84,1292677678,'Marat Gareev','2021-10-03 21:55:49','f',''),(304,84,1292677678,'Marat Gareev','2021-10-03 21:56:06','dfsdfsdf😤',''),(305,84,1292677678,'Marat Gareev','2021-10-03 21:56:06','dfsdfsdf😤',''),(306,84,1292677678,'Marat Gareev','2021-10-03 21:56:09','dfsdfsdf😤',''),(307,84,1292677678,'Marat Gareev','2021-10-03 21:56:14','dfsdfsdf😤',''),(308,84,1292677678,'Marat Gareev','2021-10-03 21:56:23','dfsdfsdf😤',''),(309,84,1292677678,'Marat Gareev','2021-10-03 21:56:40','dfsdfsdf😤',''),(310,84,1292677678,'Marat Gareev','2021-10-03 21:57:13','dfsdfsdf😤',''),(311,84,1292677678,'Marat Gareev','2021-10-03 21:58:14','dfsdfsdf😤',''),(312,84,1292677678,'Marat Gareev','2021-10-03 21:59:15','dfsdfsdf😤',''),(313,84,1292677678,'Marat Gareev','2021-10-03 22:00:16','dfsdfsdf😤',''),(314,84,1292677678,'Marat Gareev','2021-10-03 22:01:17','dfsdfsdf😤',''),(315,84,1292677678,'Marat Gareev','2021-10-03 22:02:18','dfsdfsdf😤',''),(316,84,1292677678,'Marat Gareev','2021-10-03 22:03:19','dfsdfsdf😤',''),(317,84,1292677678,'Marat Gareev','2021-10-03 22:04:21','dfsdfsdf😤',''),(318,84,1292677678,'Marat Gareev','2021-10-03 22:05:22','dfsdfsdf😤',''),(319,84,1292677678,'Marat Gareev','2021-10-03 22:06:23','dfsdfsdf😤',''),(320,84,1292677678,'Marat Gareev','2021-10-03 22:07:24','dfsdfsdf😤',''),(321,84,1292677678,'Marat Gareev','2021-10-03 22:08:25','dfsdfsdf😤',''),(322,84,1292677678,'Marat Gareev','2021-10-03 22:09:27','dfsdfsdf😤',''),(323,84,1292677678,'Marat Gareev','2021-10-03 22:10:28','dfsdfsdf😤',''),(324,84,1292677678,'Marat Gareev','2021-10-03 22:11:29','dfsdfsdf😤',''),(325,84,1292677678,'Marat Gareev','2021-10-03 22:12:30','dfsdfsdf😤',''),(326,84,1292677678,'Marat Gareev','2021-10-03 22:13:31','dfsdfsdf😤',''),(327,84,1292677678,'Marat Gareev','2021-10-03 22:14:32','dfsdfsdf😤',''),(328,84,1292677678,'Marat Gareev','2021-10-03 22:14:33','f',''),(329,84,1292677678,'Marat Gareev','2021-10-03 22:14:45','f',''),(330,84,1292677678,'Marat Gareev','2021-10-03 22:14:51','авава',''),(331,84,1292677678,'Marat Gareev','2021-10-03 22:14:58','😖',''),(332,84,1292677678,'Marat Gareev','2021-10-03 22:15:13','Смайлик',''),(333,84,1292677678,'Marat Gareev','2021-10-03 22:15:41','Смайлик!🥸😤Да',''),(334,84,1292677678,'Marat Gareev','2021-10-03 22:16:18','вава',''),(335,84,1292677678,'Marat Gareev','2021-10-03 22:16:28','😤',''),(336,84,1292677678,'Marat Gareev','2021-10-03 22:16:42','😤ваывывыв😤ваываыва😤',''),(337,84,1292677678,'Marat Gareev','2021-10-03 22:16:56','','https://api.telegram.org/file/bot1672815585:AAHEJXSAMuLcbLcVYdUjPaovSraZvZx5uNc/documents/file_66.html'),(338,84,1292677678,'Marat Gareev','2021-10-03 22:17:19','','https://api.telegram.org/file/bot1672815585:AAHEJXSAMuLcbLcVYdUjPaovSraZvZx5uNc/documents/file_67.jpg'),(339,84,1292677678,'Marat Gareev','2021-10-03 22:17:47','','https://api.telegram.org/file/bot1672815585:AAHEJXSAMuLcbLcVYdUjPaovSraZvZx5uNc/photos/file_68.jpg'),(340,84,1292677678,'Marat Gareev','2021-10-03 22:27:15','ffdf',''),(341,84,1292677678,'Marat Gareev','2021-10-03 22:27:24','','https://api.telegram.org/file/bot1672815585:AAHEJXSAMuLcbLcVYdUjPaovSraZvZx5uNc/photos/file_69.jpg'),(342,84,1292677678,'Marat Gareev','2021-10-03 22:27:36','','https://api.telegram.org/file/bot1672815585:AAHEJXSAMuLcbLcVYdUjPaovSraZvZx5uNc/documents/file_70.jpg'),(343,84,1292677678,'Marat Gareev','2021-10-03 22:27:59','dfdfdf',''),(344,84,1111,'admin','2021-10-03 22:34:53','','http://127.0.0.1:5000/static/upnwmhpdqbebnyqt.jpg'),(345,84,1111,'admin','2021-10-03 22:35:03','Акакакака',''),(346,84,1292677678,'Marat Gareev','2021-10-07 20:42:44','kkjk',''),(347,84,1292677678,'Marat Gareev','2021-10-07 20:43:37','','https://api.telegram.org/file/bot1672815585:AAHEJXSAMuLcbLcVYdUjPaovSraZvZx5uNc/documents/file_71.docx'),(348,84,1292677678,'Marat Gareev','2021-10-07 21:06:33','/close_topic',''),(349,84,1292677678,'Marat Gareev','2021-10-07 21:09:36','/close_topic',''),(350,84,1292677678,'Marat Gareev','2021-10-07 21:13:15','/close_topic',''),(351,84,1292677678,'Marat Gareev','2021-10-07 21:13:40','/close_topic',''),(352,89,1111,'admin','2021-10-07 22:51:37','Включи комп',''),(353,89,1292677678,'Marat Gareev','2021-10-07 22:51:55','','https://api.telegram.org/file/bot1672815585:AAHEJXSAMuLcbLcVYdUjPaovSraZvZx5uNc/photos/file_73.jpg'),(354,89,1111,'admin','2021-10-07 22:52:26','да да','http://127.0.0.1:5000/static/ykmyxgczyneykvsp.jpg'),(355,89,1292677678,'Marat Gareev','2021-10-07 22:52:39','Ну и хорошо',''),(356,89,1292677678,'Marat Gareev','2021-10-07 22:53:52','','https://api.telegram.org/file/bot1672815585:AAHEJXSAMuLcbLcVYdUjPaovSraZvZx5uNc/photos/file_74.jpg'),(357,90,1111,'admin','2021-10-07 23:06:27','нет',''),(358,90,1111,'admin','2021-10-07 23:06:37','','http://127.0.0.1:5000/static/mhdrffiemezlptfj.jpg'),(359,90,1737364212,'Я Кар Карыч🐣','2021-10-07 23:06:44','Хорошо',''),(360,94,1737364212,'Я Кар Карыч🐣','2021-10-07 23:17:13','Рпро',''),(361,94,1737364212,'Я Кар Карыч🐣','2021-10-07 23:17:50','Орит',''),(362,96,1737364212,'Я Кар Карыч🐣','2021-10-07 23:29:44','Ор',''),(363,96,1737364212,'Я Кар Карыч🐣','2021-10-07 23:29:48','Лорпм',''),(364,98,1737364212,'Я Кар Карыч🐣','2021-10-07 23:33:41','Оппл',''),(365,98,1737364212,'Я Кар Карыч🐣','2021-10-07 23:33:45','Лоппо',''),(366,99,1737364212,'Я Кар Карыч🐣','2021-10-07 23:34:20','Лрмтлл',''),(367,100,1292677678,'Marat Gareev','2021-10-07 23:52:37','лжлжд',''),(368,100,1292677678,'Marat Gareev','2021-10-07 23:54:06','лод',''),(369,100,1292677678,'Marat Gareev','2021-10-07 23:54:09','лодл',''),(370,103,1292677678,'Marat Gareev','2021-10-08 00:01:06','','https://api.telegram.org/file/bot1672815585:AAHEJXSAMuLcbLcVYdUjPaovSraZvZx5uNc/documents/file_79.jpg'),(371,103,1111,'admin','2021-10-08 00:01:43','','http://127.0.0.1:5000/static/tuhycwnsgdqvcbrz.jpg'),(372,103,1292677678,'Marat Gareev','2021-10-08 00:02:11','','https://api.telegram.org/file/bot1672815585:AAHEJXSAMuLcbLcVYdUjPaovSraZvZx5uNc/documents/file_80.png'),(373,104,1111,'admin','2021-10-08 00:05:46','Да все нормально',''),(374,105,1111,'admin','2021-10-08 00:06:12','нормально тоже шамиль',''),(375,105,1737364212,'Я Кар Карыч🐣','2021-10-08 00:06:27','','https://api.telegram.org/file/bot1672815585:AAHEJXSAMuLcbLcVYdUjPaovSraZvZx5uNc/photos/file_82.jpg'),(376,105,1737364212,'Я Кар Карыч🐣','2021-10-08 00:06:35','Лпиь',''),(377,104,1292677678,'Marat Gareev','2021-10-08 00:06:48','1111',''),(378,104,1292677678,'Marat Gareev','2021-10-08 00:06:50','22222',''),(379,104,1292677678,'Marat Gareev','2021-10-08 00:06:52','33333',''),(380,106,1111,'admin','2021-10-08 23:06:25','1111',''),(381,106,1292677678,'Marat Gareev','2021-10-08 23:12:35','u',''),(382,106,1292677678,'Marat Gareev','2021-10-08 23:12:41','uu',''),(383,106,1292677678,'Marat Gareev','2021-10-08 23:16:05','4444',''),(384,106,1292677678,'Marat Gareev','2021-10-08 23:25:24','Рор',''),(385,106,1292677678,'Marat Gareev','2021-10-08 23:25:41','','https://api.telegram.org/file/bot1672815585:AAHEJXSAMuLcbLcVYdUjPaovSraZvZx5uNc/photos/file_83.jpg'),(386,106,1292677678,'Marat Gareev','2021-10-08 23:25:51','','https://api.telegram.org/file/bot1672815585:AAHEJXSAMuLcbLcVYdUjPaovSraZvZx5uNc/photos/file_84.jpg'),(387,106,1292677678,'Marat Gareev','2021-10-08 23:26:17','','https://api.telegram.org/file/bot1672815585:AAHEJXSAMuLcbLcVYdUjPaovSraZvZx5uNc/documents/file_85.pdf'),(388,110,1292677678,'Marat Gareev','2021-10-09 00:22:15','fff',''),(389,111,1111,'admin','2021-10-09 00:23:54','','http://127.0.0.1:5000/static/xbpetktgjgrbstaz.csv'),(390,111,1111,'admin','2021-10-09 00:24:08','222\r\n',''),(391,111,1111,'admin','2021-10-09 00:24:41','','http://127.0.0.1:5000/static/gwjrytmvraizpzim.pdf'),(392,111,1111,'admin','2021-10-09 00:25:01','','http://127.0.0.1:5000/static/ljdpxyexrtosznfo.xlsx'),(393,111,1111,'admin','2021-10-09 00:25:39','','http://127.0.0.1:5000/static/pdzndoarzpycfchq.pdf'),(394,111,1111,'admin','2021-10-09 00:25:57','','http://127.0.0.1:5000/static/nupdkngtgbehwfxy.png'),(395,111,1111,'admin','2021-10-09 00:26:06','','http://127.0.0.1:5000/static/dbrrzxemnwltfbar.csv'),(396,111,1111,'admin','2021-10-09 00:26:28','','http://127.0.0.1:5000/static/wxsmhmsfhjauojne.xlsx'),(397,111,1111,'admin','2021-10-09 00:26:50','','http://127.0.0.1:5000/static/kwywdubzwlpcpnyy.xlsx'),(398,111,1111,'admin','2021-10-09 00:27:14','','http://127.0.0.1:5000/static/zoxigstsodxuqdeb.png'),(399,111,1111,'admin','2021-10-09 00:28:08','','http://127.0.0.1:5000/static/fxmbrjncshefkpiv.png'),(400,111,1111,'admin','2021-10-09 00:28:20','','http://127.0.0.1:5000/static/jjdbdccnatxiogra.xlsx'),(401,111,1111,'admin','2021-10-09 00:28:50','','http://127.0.0.1:5000/static/uoifeklrzjbyiqna.html'),(402,111,1111,'admin','2021-10-09 00:29:01','','http://127.0.0.1:5000/static/howjycvodupotkkb.png'),(403,111,1111,'admin','2021-10-09 00:38:34','','http://127.0.0.1:5000/static/alkhturyctvllqqx.rar'),(404,111,1292677678,'Marat Gareev','2021-10-09 00:40:56','ffff',''),(405,111,1292677678,'Marat Gareev','2021-10-09 00:41:25','','https://api.telegram.org/file/bot1672815585:AAHEJXSAMuLcbLcVYdUjPaovSraZvZx5uNc/documents/file_97.rar'),(406,111,1111,'admin','2021-10-09 00:45:34','','http://127.0.0.1:5000/static/glkdlstuhabhmbgb.html'),(407,111,1111,'admin','2021-10-09 00:49:47','','http://127.0.0.1:5000/static/oewlorcathksqnii.xlsx'),(408,111,1292677678,'Marat Gareev','2021-10-09 00:50:35','','https://api.telegram.org/file/bot1672815585:AAHEJXSAMuLcbLcVYdUjPaovSraZvZx5uNc/documents/file_98.py'),(409,111,1292677678,'Marat Gareev','2021-10-09 00:51:03','','https://api.telegram.org/file/bot1672815585:AAHEJXSAMuLcbLcVYdUjPaovSraZvZx5uNc/documents/file_99.jfif'),(410,111,1292677678,'Marat Gareev','2021-10-09 00:51:59','','https://api.telegram.org/file/bot1672815585:AAHEJXSAMuLcbLcVYdUjPaovSraZvZx5uNc/photos/file_100.jpg');
/*!40000 ALTER TABLE `talk` ENABLE KEYS */;
UNLOCK TABLES;

--
-- Table structure for table `test_sqlalchemy`
--

/*!40101 SET @saved_cs_client     = @@character_set_client */;
 SET character_set_client = utf8mb4 ;
CREATE TABLE `test_sqlalchemy` (
  `id` int(11) NOT NULL AUTO_INCREMENT,
  `email` varchar(200) DEFAULT NULL,
  PRIMARY KEY (`id`),
  UNIQUE KEY `email` (`email`)
) ENGINE=InnoDB AUTO_INCREMENT=3 DEFAULT CHARSET=utf8mb4 COLLATE=utf8mb4_0900_ai_ci;
/*!40101 SET character_set_client = @saved_cs_client */;

--
-- Dumping data for table `test_sqlalchemy`
--

LOCK TABLES `test_sqlalchemy` WRITE;
/*!40000 ALTER TABLE `test_sqlalchemy` DISABLE KEYS */;
/*!40000 ALTER TABLE `test_sqlalchemy` ENABLE KEYS */;
UNLOCK TABLES;

--
-- Table structure for table `topic`
--

/*!40101 SET @saved_cs_client     = @@character_set_client */;
 SET character_set_client = utf8mb4 ;
CREATE TABLE `topic` (
  `ID` int(11) NOT NULL AUTO_INCREMENT,
  `author` varchar(255) NOT NULL,
  `date_time` datetime NOT NULL,
  `title` varchar(255) DEFAULT NULL,
  `body_text` varchar(1000) DEFAULT NULL,
  `file_name` varchar(300) CHARACTER SET utf8mb4 COLLATE utf8mb4_0900_ai_ci DEFAULT NULL,
  `status` varchar(100) DEFAULT NULL,
  PRIMARY KEY (`ID`)
) ENGINE=InnoDB AUTO_INCREMENT=113 DEFAULT CHARSET=utf8mb4 COLLATE=utf8mb4_0900_ai_ci;
/*!40101 SET character_set_client = @saved_cs_client */;

--
-- Dumping data for table `topic`
--

LOCK TABLES `topic` WRITE;
/*!40000 ALTER TABLE `topic` DISABLE KEYS */;
INSERT INTO `topic` VALUES (1,'marat','2021-08-29 23:56:00','Вопрос 1','У меня сломался комп 1',NULL,'закрыт'),(2,'marat','2021-08-30 00:14:00','Вопрос 2','У меня опять комп сломался',NULL,'открыт'),(3,'Marat Gareev','2021-09-21 00:26:45','!!!!!!!!!!!!!!!!!!!!!!!!!!','!!!!!!!!!!!!!!!!!!!!!!!!!!','','открыт'),(4,'Marat Gareev','2021-09-21 00:26:45','!!!!!!!!!!!!!!!!!!!!!!!!!!','!!!!!!!!!!!!!!!!!!!!!!!!!!','','открыт'),(5,'Marat Gareev','2021-09-21 00:26:46','!!!!!!!!!!!!!!!!!!!!!!!!!!','!!!!!!!!!!!!!!!!!!!!!!!!!!','','открыт'),(6,'Marat Gareev','2021-09-21 00:26:47','!!!!!!!!!!!!!!!!!!!!!!!!!!','!!!!!!!!!!!!!!!!!!!!!!!!!!','','открыт'),(7,'Marat Gareev','2021-09-21 00:27:08','!!!!!!!!!!!!!!!!!!!!!!!!!!','!!!!!!!!!!!!!!!!!!!!!!!!!!','','открыт'),(8,'Marat Gareev','2021-09-21 00:29:36','/new_topic','/new_topic','','открыт'),(9,'Marat Gareev','2021-09-22 00:26:18','/new_topic','/new_topic','','открыт'),(10,'Marat Gareev','2021-09-22 00:27:09','/new_topic','/new_topic','','открыт'),(11,'Marat Gareev','2021-09-22 00:34:37','/new_topic','/new_topic','','открыт'),(12,'Marat Gareev','2021-09-22 00:35:10','/new_topic','/new_topic','','открыт'),(13,'Marat Gareev','2021-09-22 00:37:15','/new_topic','/new_topic','','открыт'),(14,'Marat Gareev','2021-09-22 00:37:32','/new_topic','/new_topic','','открыт'),(15,'Marat Gareev','2021-09-23 17:54:56','/new_topic','/new_topic','','открыт'),(16,'Marat Gareev','2021-09-23 17:54:57','/new_topic','/new_topic','','открыт'),(17,'Marat Gareev','2021-09-23 17:55:22','/new_topic','/new_topic','','открыт'),(18,'Marat Gareev','2021-09-23 17:57:19','/new_topic','/new_topic','','открыт'),(19,'Marat Gareev','2021-09-23 17:59:34','/new_topic','/new_topic','','открыт'),(24,'Marat Gareev','2021-09-23 18:08:34','/new_topic','/new_topic','','открыт'),(25,'Marat Gareev','2021-09-23 18:08:38','/new_topic','/new_topic','','открыт'),(26,'Marat Gareev','2021-09-23 18:10:31','/new_topic','/new_topic','','открыт'),(27,'Marat Gareev','2021-09-23 18:12:01','/new_topic','/new_topic','','открыт'),(28,'Marat Gareev','2021-09-23 18:12:50','/new_topic','/new_topic','','открыт'),(29,'Marat Gareev','2021-09-23 18:14:18','/new_topic','/new_topic','','открыт'),(30,'Marat Gareev','2021-09-23 18:15:05','/new_topic','/new_topic','','открыт'),(31,'Marat Gareev','2021-09-23 18:15:28','/new_topic','/new_topic','','открыт'),(37,'Marat Gareev','2021-09-23 18:19:37','/new_topic','/new_topic','','закрыт'),(38,'Marat Gareev','2021-09-23 18:19:38','/new_topic','/new_topic','','открыт'),(39,'Marat Gareev','2021-09-23 18:19:39','/new_topic','/new_topic','','открыт'),(46,'Marat Gareev','2021-09-23 18:30:32','/new_topic','/new_topic','','открыт'),(47,'Marat Gareev','2021-09-23 18:30:33','/new_topic','/new_topic','','открыт'),(48,'Marat Gareev','2021-09-23 18:31:00','/new_topic','/new_topic','','открыт'),(49,'Marat Gareev','2021-09-23 18:36:26','/new_topic','/new_topic','','открыт'),(50,'Marat Gareev','2021-09-23 18:37:10','/new_topic','/new_topic','','открыт'),(57,'Marat Gareev','2021-09-23 18:39:31','/new_topic','/new_topic','','открыт'),(58,'Marat Gareev','2021-09-23 18:39:33','/new_topic','/new_topic','','открыт'),(59,'Marat Gareev','2021-09-23 18:40:25','/new_topic','/new_topic','','открыт'),(60,'Marat Gareev','2021-09-23 18:41:58','/new_topic','/new_topic','','открыт'),(61,'Marat Gareev','2021-09-23 21:21:12','/new_topic','/new_topic','','открыт'),(62,'Marat Gareev','2021-09-23 21:21:13','/new_topic','/new_topic','','открыт'),(63,'Marat Gareev','2021-09-23 21:26:53','/new_topic','/new_topic','','открыт'),(64,'Marat Gareev','2021-09-23 21:27:04','/new_topic','/new_topic','','открыт'),(65,'Marat Gareev','2021-09-23 21:29:25','/new_topic','/new_topic','','открыт'),(66,'Marat Gareev','2021-09-23 21:31:52','/new_topic','/new_topic','','открыт'),(67,'Marat Gareev','2021-09-23 21:32:53','/new_topic','/new_topic','','открыт'),(68,'Marat Gareev','2021-09-23 21:36:30','/new_topic','/new_topic','','открыт'),(69,'','2021-09-23 21:45:54','/new_topic','/new_topic','','открыт'),(70,'','2021-09-23 21:46:35','/new_topic','/new_topic','','открыт'),(71,'','2021-09-23 21:46:58','/new_topic','/new_topic','','открыт'),(72,'Marat Gareev','2021-09-23 21:55:55','/new_topic','/new_topic','','открыт'),(73,'Динара Гареева','2021-09-23 21:56:05','/new_topic','/new_topic','','открыт'),(74,'Динара Гареева','2021-09-23 21:56:47','/new_topic','/new_topic','','открыт'),(75,'Marat Gareev','2021-09-23 22:04:59','/new_topic','/new_topic','','открыт'),(76,'Я Кар Карыч🐣','2021-09-23 22:25:09','/new_topic','/new_topic','','открыт'),(77,'Я Кар Карыч🐣','2021-09-23 22:36:23','/new_topic','/new_topic','','открыт'),(78,'Marat Gareev','2021-09-23 22:36:53','/new_topic','/new_topic','','открыт'),(79,'Marat Gareev','2021-09-23 23:04:45','/new_topic','/new_topic','','Открыт'),(80,'Marat Gareev','2021-09-23 23:56:38','/new_topic','8787878','https://api.telegram.org/file/bot1672815585:AAHEJXSAMuLcbLcVYdUjPaovSraZvZx5uNc/photos/file_12.jpg','Открыт'),(81,'Я Кар Карыч🐣','2021-09-23 23:56:39','/new_topic','/new_topic','','Открыт'),(82,'Marat Gareev','2021-09-30 17:54:27','','У меня сломался!!!','В процессе!',''),(83,'Marat Gareev','2021-09-30 18:05:07','fdfdfdf','ffffff','https://api.telegram.org/file/bot1672815585:AAHEJXSAMuLcbLcVYdUjPaovSraZvZx5uNc/photos/file_15.jpg',''),(84,'Marat Gareev','2021-09-30 18:20:46','У меня сломался комп! Помогите!','Капец. Ничего не могу сделать. Ужас!!!!!!!','https://api.telegram.org/file/bot1672815585:AAHEJXSAMuLcbLcVYdUjPaovSraZvZx5uNc/photos/file_16.jpg','закрыт'),(85,'Яна Константинова','2021-10-02 14:43:04','/help','/new_topic','В процессе!','закрыт'),(86,'Динара Гареева','2021-10-02 19:43:09','/new_topic','','В процессе!',''),(87,'Динара Гареева','2021-10-02 19:48:30','Здравствуй. Сломался комп','Утром пришла невключается капец','https://api.telegram.org/file/bot1672815585:AAHEJXSAMuLcbLcVYdUjPaovSraZvZx5uNc/photos/file_22.jpg','открыт'),(88,'Динара Гареева','2021-10-02 20:52:05','Ещё раз','У меня зазвонил телефон','https://api.telegram.org/file/bot1672815585:AAHEJXSAMuLcbLcVYdUjPaovSraZvZx5uNc/photos/file_31.jpg','открыт'),(89,'Marat Gareev','2021-10-07 22:50:06','Проверка работы','Вроде да а вроде нет','https://api.telegram.org/file/bot1672815585:AAHEJXSAMuLcbLcVYdUjPaovSraZvZx5uNc/photos/file_72.jpg','закрыт'),(90,'Я Кар Карыч🐣','2021-10-07 23:04:37','Шамиль','Проверка','https://api.telegram.org/file/bot1672815585:AAHEJXSAMuLcbLcVYdUjPaovSraZvZx5uNc/photos/file_75.jpg','закрыт'),(91,'Я Кар Карыч🐣','2021-10-07 23:09:50','777','777','https://api.telegram.org/file/bot1672815585:AAHEJXSAMuLcbLcVYdUjPaovSraZvZx5uNc/photos/file_76.jpg','закрыт'),(92,'Я Кар Карыч🐣','2021-10-07 23:11:02','О','О','https://api.telegram.org/file/bot1672815585:AAHEJXSAMuLcbLcVYdUjPaovSraZvZx5uNc/photos/file_76.jpg','закрыт'),(93,'Я Кар Карыч🐣','2021-10-07 23:12:45','/close_topic','Орро','https://api.telegram.org/file/bot1672815585:AAHEJXSAMuLcbLcVYdUjPaovSraZvZx5uNc/photos/file_76.jpg','закрыт'),(94,'Я Кар Карыч🐣','2021-10-07 23:16:07','Нн','Ррп','https://api.telegram.org/file/bot1672815585:AAHEJXSAMuLcbLcVYdUjPaovSraZvZx5uNc/photos/file_76.jpg','закрыт'),(95,'Я Кар Карыч🐣','2021-10-07 23:25:46','66','66','https://api.telegram.org/file/bot1672815585:AAHEJXSAMuLcbLcVYdUjPaovSraZvZx5uNc/photos/file_76.jpg','закрыт'),(96,'Я Кар Карыч🐣','2021-10-07 23:26:56','Р','Л','https://api.telegram.org/file/bot1672815585:AAHEJXSAMuLcbLcVYdUjPaovSraZvZx5uNc/photos/file_76.jpg','закрыт'),(97,'Я Кар Карыч🐣','2021-10-07 23:29:58','Лрп','Лормаерллрсве','https://api.telegram.org/file/bot1672815585:AAHEJXSAMuLcbLcVYdUjPaovSraZvZx5uNc/photos/file_76.jpg','закрыт'),(98,'Я Кар Карыч🐣','2021-10-07 23:32:15','Оопр','Орпрл','https://api.telegram.org/file/bot1672815585:AAHEJXSAMuLcbLcVYdUjPaovSraZvZx5uNc/photos/file_76.jpg','закрыт'),(99,'Я Кар Карыч🐣','2021-10-07 23:34:03','Опролл','Траарго','https://api.telegram.org/file/bot1672815585:AAHEJXSAMuLcbLcVYdUjPaovSraZvZx5uNc/photos/file_76.jpg','закрыт'),(100,'Marat Gareev','2021-10-07 23:49:10','орпр','длщ','нет','закрыт'),(101,'Marat Gareev','2021-10-07 23:54:32','ллллллл','щщщщщщщщ','нет','закрыт'),(102,'Marat Gareev','2021-10-07 23:54:57','8888','99999','https://api.telegram.org/file/bot1672815585:AAHEJXSAMuLcbLcVYdUjPaovSraZvZx5uNc/photos/file_77.jpg','закрыт'),(103,'Marat Gareev','2021-10-07 23:57:26','mm,','kkkkk','https://api.telegram.org/file/bot1672815585:AAHEJXSAMuLcbLcVYdUjPaovSraZvZx5uNc/photos/file_78.jpg','закрыт'),(104,'Marat Gareev','2021-10-08 00:02:46','Марат','марат марат','https://api.telegram.org/file/bot1672815585:AAHEJXSAMuLcbLcVYdUjPaovSraZvZx5uNc/photos/file_81.jpg','закрыт'),(105,'Я Кар Карыч🐣','2021-10-08 00:03:11','Шамиль','Шамиль Шамиль','https://api.telegram.org/file/bot1672815585:AAHEJXSAMuLcbLcVYdUjPaovSraZvZx5uNc/photos/file_76.jpg','закрыт'),(106,'Marat Gareev','2021-10-08 00:14:21','333','222','нет','закрыт'),(107,'Marat Gareev','2021-10-08 23:26:43','Док','Доки доки','нет','закрыт'),(108,'Marat Gareev','2021-10-08 23:39:15','777','888','https://api.telegram.org/file/bot1672815585:AAHEJXSAMuLcbLcVYdUjPaovSraZvZx5uNc/photos/file_81.jpg','закрыт'),(109,'Marat Gareev','2021-10-08 23:46:53','ллл','9999','нет','закрыт'),(110,'Marat Gareev','2021-10-08 23:55:02','444','33333','https://api.telegram.org/file/bot1672815585:AAHEJXSAMuLcbLcVYdUjPaovSraZvZx5uNc/documents/file_95.png','закрыт'),(111,'Marat Gareev','2021-10-09 00:22:44','urururrr','cccccccccccccccccccccccccc ffffffffffffffffffffff ffffffffffffffffffffffffff fffffffffffffffffffffffff fffffffffffffffffffff','https://api.telegram.org/file/bot1672815585:AAHEJXSAMuLcbLcVYdUjPaovSraZvZx5uNc/documents/file_96.xlsx','закрыт'),(112,'Marat Gareev','2021-10-09 00:56:21','mmmm','dddddd','нет','закрыт');
/*!40000 ALTER TABLE `topic` ENABLE KEYS */;
UNLOCK TABLES;

--
-- Table structure for table `users_list`
--

/*!40101 SET @saved_cs_client     = @@character_set_client */;
 SET character_set_client = utf8mb4 ;
CREATE TABLE `users_list` (
  `ID` int(11) NOT NULL AUTO_INCREMENT,
  `Name` varchar(255) NOT NULL,
  `topic_id` int(11) DEFAULT NULL,
  PRIMARY KEY (`ID`),
  KEY `par_ind` (`topic_id`)
) ENGINE=InnoDB AUTO_INCREMENT=226 DEFAULT CHARSET=utf8mb4 COLLATE=utf8mb4_0900_ai_ci;
/*!40101 SET character_set_client = @saved_cs_client */;

--
-- Dumping data for table `users_list`
--

LOCK TABLES `users_list` WRITE;
/*!40000 ALTER TABLE `users_list` DISABLE KEYS */;
INSERT INTO `users_list` VALUES (2,'1',38),(3,'1',39),(7,'1',47),(8,'1',48),(9,'1',49),(10,'1',50),(11,'1',57),(12,'1',58),(13,'1',59),(14,'1',60),(15,'1',61),(16,'1',62),(17,'1',69),(18,'1',76),(19,'1',77),(20,'4',78),(22,'1',80),(24,'3',80),(26,'32',80),(27,'43',80),(28,'8',80),(29,'uyu',80),(42,'988',80),(51,'787',80),(52,'7545',80),(53,'uiui',80),(61,'hhgj',80),(62,'mmm',80),(69,'nnn',80),(70,'1',80),(71,'2',80),(72,'3',80),(73,'1',80),(87,'1',86),(88,'2',86),(89,'1',87),(90,'1',87),(93,'1877903985',88),(94,'1877903985',88),(95,'1877903985',88),(96,'1877903985',88),(205,'2',2);
/*!40000 ALTER TABLE `users_list` ENABLE KEYS */;
UNLOCK TABLES;

--
-- Dumping events for database 'support'
--

--
-- Dumping routines for database 'support'
--
/*!40103 SET TIME_ZONE=@OLD_TIME_ZONE */;

/*!40101 SET SQL_MODE=@OLD_SQL_MODE */;
/*!40014 SET FOREIGN_KEY_CHECKS=@OLD_FOREIGN_KEY_CHECKS */;
/*!40014 SET UNIQUE_CHECKS=@OLD_UNIQUE_CHECKS */;
/*!40101 SET CHARACTER_SET_CLIENT=@OLD_CHARACTER_SET_CLIENT */;
/*!40101 SET CHARACTER_SET_RESULTS=@OLD_CHARACTER_SET_RESULTS */;
/*!40101 SET COLLATION_CONNECTION=@OLD_COLLATION_CONNECTION */;
/*!40111 SET SQL_NOTES=@OLD_SQL_NOTES */;

-- Dump completed on 2021-10-09 22:31:56
